url,status,http,head_http,final_url,reason
http://192.168.120.107/uploads/webshell.evil,not-requested,,,,outside-documentation-allowlist-or-dynamic-url
http://192.168.120.135/,not-requested,,,,outside-documentation-allowlist-or-dynamic-url
http://192.168.120.135/image.php?img=http://192.168.118.3/shell.php,not-requested,,,,outside-documentation-allowlist-or-dynamic-url
http://192.168.120.83/test/,not-requested,,,,outside-documentation-allowlist-or-dynamic-url
http://192.168.120.85/classes/fckeditor/_whatsnew.html,not-requested,,,,outside-documentation-allowlist-or-dynamic-url
http://192.168.185.189:8080/phpmyadmin/index.php,not-requested,,,,outside-documentation-allowlist-or-dynamic-url
http://192.168.240.84/system/verify.php?id=1\&confirm\_hash=,network-unverified,,,,Normalized Markdown URL not verified due to network response.
http://94.237.60.36:44074/profile.php,not-requested,,,,outside-documentation-allowlist-or-dynamic-url
http://bola.nyx/.well-known/openid-configuration,not-requested,,,,outside-documentation-allowlist-or-dynamic-url
http://bola.nyx/download.php?file_name=97035ded598faa2ce8ff63f7f9dd3b70.pdf,not-requested,,,,outside-documentation-allowlist-or-dynamic-url
http://disse.cting.org/2016/08/02/2016-08-02-sandbox-break-out-nunjucks-template-engine,not-requested,,,,outside-documentation-allowlist-or-dynamic-url
http://minilab.htb.net/submit-solution?url=http://minilab.htb.net/profile?email=ela.stienen@example.com,not-requested,,,,outside-documentation-allowlist-or-dynamic-url
http://tomcat.apache.org/tomcat-9.0-doc/manager-howto.html#Supported_Manager_Commands,not-requested,,,,outside-documentation-allowlist-or-dynamic-url
http://web.archive.org/,not-requested,,,,outside-documentation-allowlist-or-dynamic-url
http://www.exploit-db.com/exploits/15285/,not-requested,,,,outside-documentation-allowlist-or-dynamic-url
http://www.exploit-db.com/exploits/15589/,not-requested,,,,outside-documentation-allowlist-or-dynamic-url
http://www.exploit-db.com/exploits/18083/,not-requested,,,,outside-documentation-allowlist-or-dynamic-url
http://www.h2database.com/html/quickstart.html,not-requested,,,,outside-documentation-allowlist-or-dynamic-url
http://www.irongeek.com/i.php?page=security/networkprinterhacking,not-requested,,,,outside-documentation-allowlist-or-dynamic-url
http://www.jsnice.org/,network-unverified,,,,TimeoutError
https://0xdf.gitlab.io/2020/08/10/tunneling-with-chisel-and-ssf-update.html,not-requested,,,,outside-documentation-allowlist-or-dynamic-url
https://0xdf.gitlab.io/2024/03/21/smb-cheat-sheet.html#,not-requested,,,,outside-documentation-allowlist-or-dynamic-url
https://0xdfimages.gitlab.io/img/teacher-rce.gif,not-requested,,,,outside-documentation-allowlist-or-dynamic-url
https://0xffsec.com/handbook/shells/restricted-shells/,not-requested,,,,outside-documentation-allowlist-or-dynamic-url
https://addons.mozilla.org/en-US/firefox/addon/foxyproxy-standard/,not-requested,,,,outside-documentation-allowlist-or-dynamic-url
https://adsecurity.org/?p=2288,not-requested,,,,outside-documentation-allowlist-or-dynamic-url
https://app.hackthebox.com/profile/365932,not-requested,,,,outside-documentation-allowlist-or-dynamic-url
https://app.interactsh.com/#/,not-requested,,,,outside-documentation-allowlist-or-dynamic-url
https://bcrypt.online/,not-requested,,,,outside-documentation-allowlist-or-dynamic-url
https://beautifier.io/,reachable,200,,https://beautifier.io/,
https://benheater.com/proving-grounds-jacko/,not-requested,,,,outside-documentation-allowlist-or-dynamic-url
https://blog.m0noc.com/2018/10/lxc-container-privilege-escalation-in.html?m=1,not-requested,,,,outside-documentation-allowlist-or-dynamic-url
https://blog.qualys.com/vulnerabilities-threat-research/2021/01/26/cve-2021-3156-heap-based-buffer-overflow-in-sudo-baron-samedit,not-requested,,,,outside-documentation-allowlist-or-dynamic-url
https://blog.qualys.com/vulnerabilities-threat-research/2022/01/25/pwnkit-local-privilege-escalation-vulnerability-discovered-in-polkits-pkexec-cve-2021-4034,not-requested,,,,outside-documentation-allowlist-or-dynamic-url
https://blog.ripstech.com/2018/moodle-remote-code-execution/,not-requested,,,,outside-documentation-allowlist-or-dynamic-url
https://book.hacktricks.xyz/network-services-pentesting/5601-pentesting-kibana,network-unverified,,,,URLError
https://book.hacktricks.xyz/network-services-pentesting/873-pentesting-rsync,network-unverified,,,,URLError
https://book.hacktricks.xyz/network-services-pentesting/9200-pentesting-elasticsearch,network-unverified,,,,URLError
https://book.hacktricks.xyz/network-services-pentesting/pentesting-ldap,network-unverified,,,,URLError
https://book.hacktricks.xyz/network-services-pentesting/pentesting-postgresql#rce,network-unverified,,,,URLError
https://book.hacktricks.xyz/network-services-pentesting/pentesting-remote-gdbserver,network-unverified,,,,URLError
https://book.hacktricks.xyz/pentesting-web/content-security-policy-csp-bypass,network-unverified,,,,URLError
https://book.hacktricks.xyz/pentesting-web/file-inclusion#lfi-via-phps-assert,network-unverified,,,,URLError
https://book.hacktricks.xyz/pentesting-web/ssti-server-side-template-injection,network-unverified,,,,URLError
https://book.hacktricks.xyz/pentesting/6379-pentesting-redis#redis-rce,network-unverified,,,,URLError
https://book.hacktricks.xyz/windows-hardening/windows-local-privilege-escalation#alwaysinstallelevated,network-unverified,,,,URLError
https://bugs.launchpad.net/apparmor/+bug/1911431,not-requested,,,,outside-documentation-allowlist-or-dynamic-url
https://censys.io/,not-requested,,,,outside-documentation-allowlist-or-dynamic-url
https://cloud.hacktricks.xyz/pentesting-cloud/kubernetes-security/kubernetes-basics,not-requested,,,,outside-documentation-allowlist-or-dynamic-url
https://cloud.hacktricks.xyz/pentesting-cloud/kubernetes-security/kubernetes-enumeration,not-requested,,,,outside-documentation-allowlist-or-dynamic-url
https://codewatch.org/2018/06/25/prtg-18-2-39-command-injection-vulnerability/,not-requested,,,,outside-documentation-allowlist-or-dynamic-url
https://confluence.atlassian.com/jirakb/configuring-database-connection-results-in-error-host-xxxxxxx-is-not-allowed-to-connect-to-this-mysql-server-358908249.html,not-requested,,,,outside-documentation-allowlist-or-dynamic-url
https://crackstation.net/,not-requested,,,,outside-documentation-allowlist-or-dynamic-url
https://crt.sh/,not-requested,,,,outside-documentation-allowlist-or-dynamic-url
https://cube0x0.github.io/Pocing-Beyond-DA/,not-requested,,,,outside-documentation-allowlist-or-dynamic-url
https://cve.mitre.org/cgi-bin/cvename.cgi?name=CVE-2022-23940,not-requested,,,,outside-documentation-allowlist-or-dynamic-url
https://daniel10barredo.github.io/PrivEscAssist_Linux/,not-requested,,,,outside-documentation-allowlist-or-dynamic-url
https://daniel10barredo.github.io/PrivEscAssist_Windows/,not-requested,,,,outside-documentation-allowlist-or-dynamic-url
https://datatracker.ietf.org/doc/html/rfc1436,reachable,200,,https://datatracker.ietf.org/doc/html/rfc1436,
https://deephacking.tech/burp-suite-certified-practicioner-review-bscp/,not-requested,,,,outside-documentation-allowlist-or-dynamic-url
"https://dev.mysql.com/doc/refman/8.0/en/system-schema.html#:\~:text=The%20mysql%20schema%20is%20the,used%20for%20other%20operational%20purposes",network-unverified,,,,URLError
https://developer.mozilla.org/en-US/docs/Learn/Forms/Sending_and_retrieving_form_data,reachable,200,,https://developer.mozilla.org/en-US/docs/Learn_web_development/Extensions/Forms/Sending_and_retrieving_form_data,
https://developer.mozilla.org/en-US/docs/Web/HTTP/Methods,reachable,200,,https://developer.mozilla.org/en-US/docs/Web/HTTP/Reference/Methods,
https://developer.mozilla.org/en-US/docs/Web/HTTP/Status,reachable,200,,https://developer.mozilla.org/en-US/docs/Web/HTTP/Reference/Status,
https://developers.cloudflare.com/support/troubleshooting/http-status-codes/http-status-codes/,network-unverified,,,,URLError
https://docs.aws.amazon.com/AmazonSimpleDB/latest/DeveloperGuide/APIError.html,reachable,200,,https://docs.aws.amazon.com/AmazonSimpleDB/latest/DeveloperGuide/APIError.html,
https://docs.google.com/spreadsheets/u/1/d/1dwSMIAPIam0PuRBkCiDI88pU3yzrqqHkDtBngUHNCw8/htmlview#,not-requested,,,,outside-documentation-allowlist-or-dynamic-url
https://docs.microsoft.com/en-us/previous-versions/windows/it-pro/windows-server-2012-r2-and-2012/cc731241\(v=ws.11\,network-unverified,,,,URLError
https://docs.microsoft.com/en-us/security-updates/securitybulletins/2009/ms09-050,reachable,200,,https://learn.microsoft.com/en-us/security-updates/securitybulletins/2009/ms09-050,
https://docs.microsoft.com/en-us/sysinternals/downloads/adexplorer,reachable,200,,https://learn.microsoft.com/en-us/sysinternals/downloads/adexplorer,
https://docs.microsoft.com/en-us/windows/security/identity-protection/access-control/active-directory-security-groups#bkmk-serveroperators,reachable,200,,https://learn.microsoft.com/en-us/windows-server/identity/ad-ds/manage/understand-security-groups,
https://docs.netgate.com/pfsense/en/latest/usermanager/defaults.html,not-requested,,,,outside-documentation-allowlist-or-dynamic-url
https://docs.nsclient.org/howto/run_commands/,not-requested,,,,outside-documentation-allowlist-or-dynamic-url
https://docs.python.org/3/library/pickle.html,reachable,200,,https://docs.python.org/3/library/pickle.html,
https://docs.raspap.com/manual/,not-requested,,,,outside-documentation-allowlist-or-dynamic-url
https://en.wikipedia.org/wiki/API,not-requested,,,,outside-documentation-allowlist-or-dynamic-url
https://en.wikipedia.org/wiki/Apache_Cassandra,not-requested,,,,outside-documentation-allowlist-or-dynamic-url
https://en.wikipedia.org/wiki/Capability\_Maturity\_Model\_Integration,network-unverified,,,,Normalized Markdown URL not verified due to network response.
https://en.wikipedia.org/wiki/Common_Vulnerabilities_and_Exposures,not-requested,,,,outside-documentation-allowlist-or-dynamic-url
https://en.wikipedia.org/wiki/Common_Vulnerability_Scoring_System,not-requested,,,,outside-documentation-allowlist-or-dynamic-url
https://en.wikipedia.org/wiki/Elasticsearch,not-requested,,,,outside-documentation-allowlist-or-dynamic-url
https://en.wikipedia.org/wiki/JavaScript,not-requested,,,,outside-documentation-allowlist-or-dynamic-url
https://en.wikipedia.org/wiki/LAMP_(software_bundle,not-requested,,,,outside-documentation-allowlist-or-dynamic-url
https://en.wikipedia.org/wiki/List\_of\_file\_signatures,network-unverified,,,,Normalized Markdown URL not verified due to network response.
https://en.wikipedia.org/wiki/List_of_file_signatures,not-requested,,,,outside-documentation-allowlist-or-dynamic-url
https://en.wikipedia.org/wiki/MAMP,not-requested,,,,outside-documentation-allowlist-or-dynamic-url
https://en.wikipedia.org/wiki/Microsoft_SQL_Server,not-requested,,,,outside-documentation-allowlist-or-dynamic-url
https://en.wikipedia.org/wiki/MongoDB,not-requested,,,,outside-documentation-allowlist-or-dynamic-url
https://en.wikipedia.org/wiki/MySQL,not-requested,,,,outside-documentation-allowlist-or-dynamic-url
https://en.wikipedia.org/wiki/NoSQL,not-requested,,,,outside-documentation-allowlist-or-dynamic-url
https://en.wikipedia.org/wiki/Oracle_Database,not-requested,,,,outside-documentation-allowlist-or-dynamic-url
https://en.wikipedia.org/wiki/PostgreSQL,not-requested,,,,outside-documentation-allowlist-or-dynamic-url
https://en.wikipedia.org/wiki/Relational_database,not-requested,,,,outside-documentation-allowlist-or-dynamic-url
https://en.wikipedia.org/wiki/Representational_state_transfer,not-requested,,,,outside-documentation-allowlist-or-dynamic-url
https://en.wikipedia.org/wiki/SOAP,not-requested,,,,outside-documentation-allowlist-or-dynamic-url
https://en.wikipedia.org/wiki/Solution_stack,not-requested,,,,outside-documentation-allowlist-or-dynamic-url
https://en.wikipedia.org/wiki/XAMPP,not-requested,,,,outside-documentation-allowlist-or-dynamic-url
"https://excalidraw.com/#json=5jBoX9n28pzayCABeqqL2,IYDDVuJPlzLfXUHNpUx\_vg",network-unverified,,,,Normalized Markdown URL not verified due to network response.
https://exploit-notes.hdks.org/exploit/network/rsync-pentesting/,not-requested,,,,outside-documentation-allowlist-or-dynamic-url
https://expressjs.com/,not-requested,,,,outside-documentation-allowlist-or-dynamic-url
https://fuguhub.com//,not-requested,,,,outside-documentation-allowlist-or-dynamic-url
https://gchq.github.io/CyberChef,not-requested,,,,outside-documentation-allowlist-or-dynamic-url
https://gist.github.com/BababaBlue/71d85a7182993f6b4728c5d6a77e669f?ref=benheater.com,not-requested,,,,outside-documentation-allowlist-or-dynamic-url
https://github.com/0xjpuff/reverse\_shell\_splunk,network-unverified,404,,,Normalized Markdown URL not verified due to network response.
https://github.com/20dani09/,reachable,200,,https://github.com/20dani09/,
https://github.com/20dani09/CVE-2019-9978,requires-authentication,,404,,Authenticated repository metadata confirms the repository exists but is not publicly accessible.
https://github.com/3ndG4me/AutoBlue-MS17-010,reachable,200,,https://github.com/3ndG4me/AutoBlue-MS17-010,
https://github.com/A1vinSmith/CVE-2018-9276?tab=readme-ov-file,not-requested,,,,outside-documentation-allowlist-or-dynamic-url
https://github.com/Al1ex/CVE-2020-11652,reachable,200,,https://github.com/Al1ex/CVE-2020-11652,
https://github.com/AlephNullSK/dnsgen,reachable,200,,https://github.com/AlephNullSK/dnsgen,
https://github.com/AlessandroZ/LaZagne,reachable,200,,https://github.com/AlessandroZ/LaZagne,
https://github.com/AlexisAhmed/CVE-2022-0847-DirtyPipe-Exploits,reachable,200,,https://github.com/AlexisAhmed/CVE-2022-0847-DirtyPipe-Exploits,
https://github.com/Arrexel/phpbash,reachable,200,,https://github.com/Arrexel/phpbash,
https://github.com/BlackFan/content-type-research/blob/master/XSS.md,reachable,200,,https://github.com/BlackFan/content-type-research/blob/master/XSS.md,
https://github.com/BloodHoundAD/BloodHound,network-unverified,,,,URLError
https://github.com/BloodHoundAD/BloodHound/tree/master/Collectors,network-unverified,,,,URLError
https://github.com/BloodHoundAD/BloodHound/tree/master/Ingestors,network-unverified,,,,URLError
https://github.com/CiscoCXSecurity/enum4linux,network-unverified,,,,URLError
https://github.com/CiscoCXSecurity/linikatz,network-unverified,,,,URLError
https://github.com/ColdFusionX/CVE-2019-17240_Bludit-BF-Bypass,network-unverified,,,,URLError
https://github.com/CoreSecurity/impacket/,network-unverified,,,,URLError
https://github.com/CsEnox/CVE-2021-21425,reachable,200,,https://github.com/CsEnox/CVE-2021-21425,
https://github.com/CsEnox/CVE-2021-21425/blob/main/exploit.py,reachable,200,,https://github.com/CsEnox/CVE-2021-21425/blob/main/exploit.py,
https://github.com/CsEnox/SeManageVolumeExploit,reachable,200,,https://github.com/CsEnox/SeManageVolumeExploit,
https://github.com/CsEnox/SeManageVolumeExploit/releases,reachable,200,,https://github.com/CsEnox/SeManageVolumeExploit/releases,
https://github.com/CsEnox/SeManageVolumeExploit/releases/tag/public,network-unverified,,,,URLError
https://github.com/CsEnox/tools/raw/main/GMSAPasswordReader.exe,reachable,200,,https://raw.githubusercontent.com/CsEnox/just-some-stuff/main/GMSAPasswordReader.exe,
https://github.com/DingyShark/BurpSuiteCertifiedPractitioner,reachable,200,,https://github.com/DingyShark/BurpSuiteCertifiedPractitioner,
https://github.com/DominicBreuker/pspy,reachable,200,,https://github.com/DominicBreuker/pspy,
https://github.com/Fr4nzisko/Bug_Bounty_Web_and_API_Tools,reachable,200,,https://github.com/Fr4nzisko/Bug_Bounty_Web_and_API_Tools,
https://github.com/GhostPack/Rubeus,reachable,200,,https://github.com/GhostPack/Rubeus,
https://github.com/Group3r/Group3r,network-unverified,,,,URLError
https://github.com/Hackplayers/evil-winrm,reachable,200,,https://github.com/Hackplayers/evil-winrm,
https://github.com/ImageMagick/ImageMagick/issues/6339,reachable,200,,https://github.com/ImageMagick/ImageMagick/issues/6339,
https://github.com/JacobEbben/CVE-2023-0297?source=post_page-----219922de84e5--------------------------------,not-requested,,,,outside-documentation-allowlist-or-dynamic-url
https://github.com/Kevin-Robertson/Inveigh/blob/master/Inveigh.ps1,reachable,200,,https://github.com/Kevin-Robertson/Inveigh/blob/master/Inveigh.ps1,
https://github.com/Kevin-Robertson/Inveigh/tree/master/Inveigh,reachable,200,,https://github.com/Kevin-Robertson/Inveigh/tree/master/Inveigh,
https://github.com/MoritzHuppert/CVE-2022-25018/blob/main/CVE-2022-25018.pdf,reachable,200,,https://github.com/MoritzHuppert/CVE-2022-25018/blob/main/CVE-2022-25018.pdf,
https://github.com/OneSecCyber/JPEG_RCE,reachable,200,,https://github.com/OneSecCyber/JPEG_RCE,
https://github.com/ParrotSec/mimikatz,reachable,200,,https://github.com/ParrotSec/mimikatz,
https://github.com/PeterSufliarsky/exploits/blob/master/CVE-2014-5301.py,reachable,200,,https://github.com/PeterSufliarsky/exploits/blob/master/CVE-2014-5301.py,
https://github.com/PowerShellMafia/PowerSploit/blob/master/Privesc/PowerUp.ps1,reachable,200,,https://github.com/PowerShellMafia/PowerSploit/blob/master/Privesc/PowerUp.ps1,
https://github.com/PowerShellMafia/PowerSploit/blob/master/Recon/PowerView.ps1,reachable,200,,https://github.com/PowerShellMafia/PowerSploit/blob/master/Recon/PowerView.ps1,
https://github.com/Re4son/Churrasco/,reachable,200,,https://github.com/Re4son/Churrasco/,
https://github.com/Ridter/noPac,reachable,200,,https://github.com/Ridter/noPac,
https://github.com/Ridter/redis-rce,reachable,200,,https://github.com/Ridter/redis-rce,
https://github.com/SecWiki/windows-kernel-exploits,reachable,200,,https://github.com/SecWiki/windows-kernel-exploits,
https://github.com/SecureAuthCorp/impacket,network-unverified,,,,URLError
https://github.com/SecureAuthCorp/impacket/blob/master/examples/GetNPUsers.py,network-unverified,,,,URLError
https://github.com/SecureAuthCorp/impacket/blob/master/examples/GetUserSPNs.py,network-unverified,,,,URLError
https://github.com/SecureAuthCorp/impacket/blob/master/examples/lookupsid.py,network-unverified,,,,URLError
https://github.com/SecureAuthCorp/impacket/blob/master/examples/mssqlclient.py,network-unverified,,,,URLError
https://github.com/SecureAuthCorp/impacket/blob/master/examples/ntlmrelayx.py,network-unverified,,,,URLError
https://github.com/SecureAuthCorp/impacket/blob/master/examples/psexec.py,reachable,200,,https://github.com/fortra/impacket/blob/master/examples/psexec.py,
https://github.com/SecureAuthCorp/impacket/blob/master/examples/raiseChild.py,reachable,200,,https://github.com/fortra/impacket/blob/master/examples/raiseChild.py,
https://github.com/SecureAuthCorp/impacket/blob/master/examples/rpcdump.py,reachable,200,,https://github.com/fortra/impacket/blob/master/examples/rpcdump.py,
https://github.com/SecureAuthCorp/impacket/blob/master/examples/secretsdump.py,reachable,200,,https://github.com/fortra/impacket/blob/master/examples/secretsdump.py,
https://github.com/SecureAuthCorp/impacket/blob/master/examples/smbserver.py,reachable,200,,https://github.com/fortra/impacket/blob/master/examples/smbserver.py,
https://github.com/SecureAuthCorp/impacket/blob/master/examples/ticketConverter.py,reachable,200,,https://github.com/fortra/impacket/blob/master/examples/ticketConverter.py,
https://github.com/SecureAuthCorp/impacket/blob/master/examples/ticketer.py,reachable,200,,https://github.com/fortra/impacket/blob/master/examples/ticketer.py,
https://github.com/SecureAuthCorp/impacket/blob/master/examples/wmiexec.py,reachable,200,,https://github.com/fortra/impacket/blob/master/examples/wmiexec.py,
https://github.com/ShawnDEvans/smbmap,reachable,200,,https://github.com/ShawnDEvans/smbmap,
https://github.com/SnaffCon/Snaffler,reachable,200,,https://github.com/SnaffCon/Snaffler,
https://github.com/Sybil-Scan/imagemagick-lfi-poc,reachable,200,,https://github.com/Sybil-Scan/imagemagick-lfi-poc,
https://github.com/Vozec/CVE-2023-7028,reachable,200,,https://github.com/Vozec/CVE-2023-7028,
https://github.com/VulNyx/Arsenal/tree/main/rsync-brute,reachable,200,,https://github.com/VulNyx/Arsenal/tree/main/rsync-brute,
https://github.com/WhiteWinterWolf/wwwolf-php-webshell,reachable,200,,https://github.com/WhiteWinterWolf/wwwolf-php-webshell,
https://github.com/Y1LD1R1M-1337/Limesurvey-RCE,reachable,200,,https://github.com/Y1LD1R1M-1337/Limesurvey-RCE,
https://github.com/aN0mad/CVE-2019-16278-Nostromo_1.9.6-RCE,reachable,200,,https://github.com/aN0mad/CVE-2019-16278-Nostromo_1.9.6-RCE,
https://github.com/abatchy17/WindowsExploits,reachable,200,,https://github.com/abatchy17/WindowsExploits,
https://github.com/abatchy17/WindowsExploits/tree/master/MS11-046,reachable,200,,https://github.com/abatchy17/WindowsExploits/tree/master/MS11-046,
https://github.com/adrecon/ADRecon,reachable,200,,https://github.com/adrecon/ADRecon,
https://github.com/amriunix/CVE-2007-2447,reachable,200,,https://github.com/amriunix/CVE-2007-2447,
https://github.com/anbox/anbox,reachable,200,,https://github.com/anbox/anbox,
https://github.com/antonioCoco/RunasCs,reachable,200,,https://github.com/antonioCoco/RunasCs,
https://github.com/antonioCoco/RunasCs/blob/master/Invoke-RunasCs.ps1,reachable,200,,https://github.com/antonioCoco/RunasCs/blob/master/Invoke-RunasCs.ps1,
https://github.com/bAuh0lz/CVE-2023-0297_Pre-auth_RCE_in_pyLoad,reachable,200,,https://github.com/bAuh0lz/CVE-2023-0297_Pre-auth_RCE_in_pyLoad,
https://github.com/berdav/CVE-2021-4034,reachable,200,,https://github.com/berdav/CVE-2021-4034,
https://github.com/blechschmidt/massdns,reachable,200,,https://github.com/blechschmidt/massdns,
https://github.com/botesjuan/Burp-Suite-Certified-Practitioner-Exam-Study,reachable,200,,https://github.com/botesjuan/Burp-Suite-Certified-Practitioner-Exam-Study,
https://github.com/botesjuan/Burp-Suite-Certified-Practitioner-Exam-Study/blob/main/wordlists/burp-labs-wordlist.txt,reachable,200,,https://github.com/botesjuan/Burp-Suite-Certified-Practitioner-Exam-Study/blob/main/wordlists/burp-labs-wordlist.txt,
https://github.com/botesjuan/Burp-Suite-Certified-Practitioner-Exam-Study?tab=readme-ov-file#remote-file-inclusion,not-requested,,,,outside-documentation-allowlist-or-dynamic-url
https://github.com/brannondorsey/naive-hashcat/releases/download/data/rockyou.txt,network-unverified,,,,URLError
https://github.com/byronkg/SharpGPOAbuse,reachable,200,,https://github.com/byronkg/SharpGPOAbuse,
https://github.com/byt3bl33d3r/CrackMapExec,reachable,200,,https://github.com/byt3bl33d3r/CrackMapExec,
https://github.com/calebstewart/CVE-2021-1675,reachable,200,,https://github.com/calebstewart/CVE-2021-1675,
https://github.com/cddmp/enum4linux-ng,reachable,200,,https://github.com/cddmp/enum4linux-ng,
https://github.com/cube0x0/CVE-2021-1675/blob/main/CVE-2021-1675.py,reachable,200,,https://github.com/cube0x0/CVE-2021-1675/blob/main/CVE-2021-1675.py,
https://github.com/cujanovic/Markdown-XSS-Payloads,reachable,200,,https://github.com/cujanovic/Markdown-XSS-Payloads,
https://github.com/cyberark/kubeletctl,reachable,200,,https://github.com/cyberark/kubeletctl,
https://github.com/dafthack/DomainPasswordSpray,reachable,200,,https://github.com/dafthack/DomainPasswordSpray,
https://github.com/danielmiessler/SecLists,reachable,200,,https://github.com/danielmiessler/SecLists,
https://github.com/danielmiessler/SecLists/blob/master/Discovery/Web-Content/default-web-root-directory-linux.txt,reachable,200,,https://github.com/danielmiessler/SecLists/blob/master/Discovery/Web-Content/default-web-root-directory-linux.txt,
https://github.com/danielmiessler/SecLists/blob/master/Discovery/Web-Content/default-web-root-directory-windows.txt,reachable,200,,https://github.com/danielmiessler/SecLists/blob/master/Discovery/Web-Content/default-web-root-directory-windows.txt,
https://github.com/danielmiessler/SecLists/blob/master/Discovery/Web-Content/web-all-content-types.txt,reachable,200,,https://github.com/danielmiessler/SecLists/blob/master/Discovery/Web-Content/web-all-content-types.txt,
https://github.com/danielmiessler/SecLists/blob/master/Discovery/Web-Content/web-extensions.txt,reachable,200,,https://github.com/danielmiessler/SecLists/blob/master/Discovery/Web-Content/web-extensions.txt,
https://github.com/danielmiessler/SecLists/blob/master/Fuzzing/LFI/LFI-Jhaddix.txt,reachable,200,,https://github.com/danielmiessler/SecLists/blob/master/Fuzzing/LFI/LFI-Jhaddix.txt,
https://github.com/danielmiessler/SecLists/blob/master/Miscellaneous/web/content-type.txt,missing,404,,,
https://github.com/danielmiessler/SecLists/tree/master,reachable,200,,https://github.com/danielmiessler/SecLists/tree/master,
https://github.com/danielmiessler/SecLists/tree/master/Fuzzing/LFI,reachable,200,,https://github.com/danielmiessler/SecLists/tree/master/Fuzzing/LFI,
https://github.com/danielmiessler/SecLists/tree/master/Passwords/Default-Credentials,network-unverified,,,,URLError
https://github.com/danielmiessler/SecLists/tree/master/Web-Shells,network-unverified,,,,URLError
https://github.com/danigargu/CVE-2020-0796,network-unverified,,,,URLError
https://github.com/devzspy/CVE-2019-7214,network-unverified,,,,URLError
https://github.com/dirkjanm/PKINITtools/blob/master/getnthash.py,network-unverified,,,,URLError
https://github.com/dirkjanm/PKINITtools/blob/master/gettgtpkinit.py,network-unverified,,,,URLError
https://github.com/dirkjanm/adidnsdump,reachable,200,,https://github.com/dirkjanm/adidnsdump,
https://github.com/dix0nym/CVE-2015-6967/blob/main/exploit.py,reachable,200,,https://github.com/dix0nym/CVE-2015-6967/blob/main/exploit.py,
https://github.com/dmchell/SharpView,reachable,200,,https://github.com/dmchell/SharpView,
https://github.com/dolevf/graphw00f,reachable,200,,https://github.com/dolevf/graphw00f,
https://github.com/dozernz/cve-2020-11651,reachable,200,,https://github.com/dozernz/cve-2020-11651,
https://github.com/enjoiz/XXEinjector.git,reachable,200,,https://github.com/enjoiz/XXEinjector,
https://github.com/entr0pie/CVE-2023-27163/tree/main?tab=readme-ov-file,not-requested,,,,outside-documentation-allowlist-or-dynamic-url
https://github.com/epsylon/xsser,reachable,200,,https://github.com/epsylon/xsser,
https://github.com/evkl1d/CVE-2023-46604,reachable,200,,https://github.com/evkl1d/CVE-2023-46604,
https://github.com/flast101/php-8.1.0-dev-backdoor-rce,reachable,200,,https://github.com/flast101/php-8.1.0-dev-backdoor-rce,
https://github.com/flatpressblog/flatpress/issues/152,reachable,200,,https://github.com/flatpressblog/flatpress/issues/152,
https://github.com/g0rx/iis6-exploit-2017-CVE-2017-7269,reachable,200,,https://github.com/g0rx/iis6-exploit-2017-CVE-2017-7269,
https://github.com/gentilkiwi/mimikatz,reachable,200,,https://github.com/gentilkiwi/mimikatz,
https://github.com/gitpython-developers/GitPython/issues/1515,reachable,200,,https://github.com/gitpython-developers/GitPython/issues/1515,
https://github.com/glpi-project/glpi,reachable,200,,https://github.com/glpi-project/glpi,
https://github.com/gtworek/PSBits/blob/master/Misc/EnableSeRestorePrivilege.ps1,reachable,200,,https://github.com/gtworek/PSBits/blob/master/Misc/EnableSeRestorePrivilege.ps1,
https://github.com/haad/proxychains,reachable,200,,https://github.com/haad/proxychains,
https://github.com/hktalent/exploit-poc/issues/15,reachable,200,,https://github.com/hktalent/exploit-poc/issues/15,
https://github.com/horizon3ai/CVE-2021-44077,reachable,200,,https://github.com/horizon3ai/CVE-2021-44077,
https://github.com/internetwache/GitTools,reachable,200,,https://github.com/internetwache/GitTools,
https://github.com/itm4n/FullPowers,reachable,200,,https://github.com/itm4n/FullPowers,
https://github.com/itm4n/FullPowers?ref=benheater.com,not-requested,,,,outside-documentation-allowlist-or-dynamic-url
https://github.com/itm4n/PrintSpoofer,reachable,200,,https://github.com/itm4n/PrintSpoofer,
https://github.com/joren485/Magento-Shoplift-SQLI/blob/master/poc.py,reachable,200,,https://github.com/joren485/Magento-Shoplift-SQLI/blob/master/poc.py,
https://github.com/jpillora/chisel,reachable,200,,https://github.com/jpillora/chisel,
https://github.com/kimocoder/OneShot,reachable,200,,https://github.com/kimocoder/OneShot,
https://github.com/lanmaster53/recon-ng,reachable,200,,https://github.com/lanmaster53/recon-ng,
https://github.com/laramies/theHarvester,reachable,200,,https://github.com/laramies/theHarvester,
https://github.com/lavalamp-/LavaMagentoBD,reachable,200,,https://github.com/lavalamp-/LavaMagentoBD,
https://github.com/leoloobeek/LAPSToolkit,reachable,200,,https://github.com/leoloobeek/LAPSToolkit,
https://github.com/lgandx/Responder,reachable,200,,https://github.com/lgandx/Responder,
https://github.com/ly4k/PwnKit,reachable,200,,https://github.com/ly4k/PwnKit,
https://github.com/mandatoryprogrammer/xsshunter-express,reachable,200,,https://github.com/mandatoryprogrammer/xsshunter-express,
https://github.com/manuelz120/CVE-2022-23940,reachable,200,,https://github.com/manuelz120/CVE-2022-23940,
https://github.com/michenriksen/aquatone,reachable,200,,https://github.com/michenriksen/aquatone,
https://github.com/missteek/cpts-quick-references,http-unverified,451,,,
https://github.com/mpgn/CVE-2018-17246,reachable,200,,https://github.com/mpgn/CVE-2018-17246,
https://github.com/mr-tuhin/CVE-2021-22204-exiftool,reachable,200,,https://github.com/mr-tuhin/CVE-2021-22204-exiftool,
https://github.com/n0b0dyCN/redis-rogue-server,reachable,200,,https://github.com/n0b0dyCN/redis-rogue-server,
https://github.com/nicocha30/ligolo-ng,reachable,200,,https://github.com/nicocha30/ligolo-ng,
https://github.com/nikn0laty/Exploit-for-Dolibarr-17.0.0-CVE-2023-30253,reachable,200,,https://github.com/nikn0laty/Exploit-for-Dolibarr-17.0.0-CVE-2023-30253,
https://github.com/noraj/Bludit-auth-BF-bypass,reachable,200,,https://github.com/noraj/Bludit-auth-BF-bypass,
https://github.com/nth347/CVE-2021-3129_exploit,reachable,200,,https://github.com/nth347/CVE-2021-3129_exploit,
https://github.com/ohpe/juicy-potato,network-unverified,,,,URLError
https://github.com/ohpe/juicy-potato/blob/master/CLSID/README.md,network-unverified,,,,URLError
https://github.com/ojan2021/Fuguhub-8.1-RCE/blob/main/Fuguhub-8-1-RCE-Report.pdf,network-unverified,,,,URLError
https://github.com/payloadbox/open-redirect-payload-list,network-unverified,,,,URLError
https://github.com/payloadbox/xss-payload-list,network-unverified,,,,URLError
https://github.com/peass-ng/PEASS-ng/tree/master/linPEAS,network-unverified,,,,URLError
https://github.com/peass-ng/PEASS-ng/tree/master/winPEAS,reachable,200,,https://github.com/peass-ng/PEASS-ng/tree/master/winPEAS,
https://github.com/pentestmonkey/php-reverse-shell,reachable,200,,https://github.com/pentestmonkey/php-reverse-shell,
https://github.com/proabiral/Fresh-Resolvers,reachable,200,,https://github.com/proabiral/Fresh-Resolvers,
https://github.com/projectdiscovery/subfinder,reachable,200,,https://github.com/projectdiscovery/subfinder,
https://github.com/rajeshmajumdar/BruteXSS,reachable,200,,https://github.com/rajeshmajumdar/BruteXSS,
https://github.com/rapid7/metasploit-framework/blob/master/modules/post/multi/escalate/cups_root_file_read.rb,reachable,200,,https://github.com/rapid7/metasploit-framework/blob/master/modules/post/multi/escalate/cups_root_file_read.rb,
https://github.com/rasta-mouse/Sherlock,reachable,200,,https://github.com/rasta-mouse/Sherlock,
https://github.com/rasta-mouse/Watson,reachable,200,,https://github.com/rasta-mouse/Watson,
https://github.com/rebootuser/LinEnum,reachable,200,,https://github.com/rebootuser/LinEnum,
https://github.com/ropnop/kerbrute,reachable,200,,https://github.com/ropnop/kerbrute,
https://github.com/ropnop/windapsearch,reachable,200,,https://github.com/ropnop/windapsearch,
https://github.com/s0md3v/Decodify,reachable,200,,https://github.com/s0md3v/Decodify,
https://github.com/s0md3v/XSStrike,reachable,200,,https://github.com/s0md3v/XSStrike,
https://github.com/samratashok/nishang/tree/master/Shells,reachable,200,,https://github.com/samratashok/nishang/tree/master/Shells,
https://github.com/scadastrangelove/SCADAPASS/tree/master,reachable,200,,https://github.com/scadastrangelove/SCADAPASS/tree/master,
https://github.com/secnigma/CVE-2021-3560-Polkit-Privilege-Esclation,reachable,200,,https://github.com/secnigma/CVE-2021-3560-Polkit-Privilege-Esclation,
https://github.com/smicallef/spiderfoot,reachable,200,,https://github.com/smicallef/spiderfoot,
https://github.com/spookier/Maltrail-v0.53-Exploit,reachable,200,,https://github.com/spookier/Maltrail-v0.53-Exploit,
https://github.com/stamparm/maltrail/blob/master/core/httpd.py#L399,reachable,200,,https://github.com/stamparm/maltrail/blob/master/core/httpd.py,
https://github.com/swisskyrepo/PayloadsAllTheThings/blob/master/Upload%20Insecure%20Files/Extension%20PHP/extensions.lst,reachable,200,,https://github.com/swisskyrepo/PayloadsAllTheThings/blob/master/Upload%20Insecure%20Files/Extension%20PHP/extensions.lst,
https://github.com/swisskyrepo/PayloadsAllTheThings/blob/master/XSS%20Injection/README.md,reachable,200,,https://github.com/swisskyrepo/PayloadsAllTheThings/blob/master/XSS%20Injection/README.md,
https://github.com/swisskyrepo/PayloadsAllTheThings/tree/master/Command%20Injection#bypass-without-space,reachable,200,,https://github.com/swisskyrepo/PayloadsAllTheThings/tree/master/Command%20Injection,
https://github.com/swisskyrepo/PayloadsAllTheThings/tree/master/NoSQL%20Injection#authentication-bypass,reachable,200,,https://github.com/swisskyrepo/PayloadsAllTheThings/tree/master/NoSQL%20Injection,
https://github.com/swisskyrepo/PayloadsAllTheThings/tree/master/SQL%20Injection#authentication-bypass,reachable,200,,https://github.com/swisskyrepo/PayloadsAllTheThings/tree/master/SQL%20Injection,
https://github.com/swisskyrepo/PayloadsAllTheThings/tree/master/Server%20Side%20Template%20Injection#jinja2---basic-injection,network-unverified,,,,URLError
https://github.com/swisskyrepo/PayloadsAllTheThings/tree/master/Upload%20Insecure%20Files,network-unverified,,,,URLError
https://github.com/swisskyrepo/PayloadsAllTheThings/tree/master/Upload%20Insecure%20Files/Extension%20ASP,network-unverified,,,,URLError
https://github.com/swisskyrepo/PayloadsAllTheThings/tree/master/XSS%20Injection#exploit-code-or-poc,network-unverified,,,,URLError
https://github.com/swisskyrepo/PayloadsAllTheThings/tree/master/XXE%20Injection#exploiting-xxe-to-retrieve-files,network-unverified,,,,URLError
https://github.com/t0thkr1s/gpp-decrypt,reachable,200,,https://github.com/t0thkr1s/gpp-decrypt,
https://github.com/thewhiteh4t/FinalRecon,reachable,200,,https://github.com/thewhiteh4t/FinalRecon,
https://github.com/tomnomnom/waybackurls,network-unverified,,,,URLError
https://github.com/topotam/PetitPotam,network-unverified,,,,URLError
https://github.com/trickest/resolvers,network-unverified,,,,URLError
https://github.com/vladko312/SSTImap,network-unverified,,,,URLError
https://github.com/voidz0r/CVE-2022-44268,reachable,200,,https://github.com/voidz0r/CVE-2022-44268,
https://github.com/wallarm/jwt-secrets/blob/master/jwt.secrets.list,reachable,200,,https://github.com/wallarm/jwt-secrets/blob/master/jwt.secrets.list,
https://github.com/worawit/MS17-010.git,reachable,200,,https://github.com/worawit/MS17-010,
https://github.com/xct/SeManageVolumeAbuse,reachable,200,,https://github.com/xct/SeManageVolumeAbuse,
https://github.com/xct/hashgrab,reachable,200,,https://github.com/xct/hashgrab,
https://graphql.org/learn/introspection/,not-requested,,,,outside-documentation-allowlist-or-dynamic-url
https://gtfobins.github.io/,not-requested,,,,outside-documentation-allowlist-or-dynamic-url
https://gtfobins.github.io/gtfobins/journalctl/#sudo,not-requested,,,,outside-documentation-allowlist-or-dynamic-url
https://gtfobins.github.io/gtfobins/service,not-requested,,,,outside-documentation-allowlist-or-dynamic-url
https://guides.rubyonrails.org/v2.3.11/security.html,not-requested,,,,outside-documentation-allowlist-or-dynamic-url
https://guides.rubyonrails.org/v2.3.11/security.html#mass-assignment,not-requested,,,,outside-documentation-allowlist-or-dynamic-url
https://hackertarget.com/zone-transfer/,not-requested,,,,outside-documentation-allowlist-or-dynamic-url
https://harmj0y.medium.com/roasting-as-reps-e6179a65216b,not-requested,,,,outside-documentation-allowlist-or-dynamic-url
https://hashcat.net/hashcat/,not-requested,,,,outside-documentation-allowlist-or-dynamic-url
https://httpd.apache.org/docs/current/howto/ssi.html,not-requested,,,,outside-documentation-allowlist-or-dynamic-url
https://itm4n.github.io/localservice-privileges/,not-requested,,,,outside-documentation-allowlist-or-dynamic-url
https://itm4n.github.io/localservice-privileges/?ref=benheater.com,not-requested,,,,outside-documentation-allowlist-or-dynamic-url
https://jsconsole.com,reachable,200,,https://jsconsole.com,
https://juggernaut-sec.com/password-hunting/,not-requested,,,,outside-documentation-allowlist-or-dynamic-url
https://juggernaut-sec.com/proving-grounds-hutch/,not-requested,,,,outside-documentation-allowlist-or-dynamic-url
https://jwt.io/,not-requested,,,,outside-documentation-allowlist-or-dynamic-url
https://kubernetes.io/docs/reference/ports-and-protocols/,reachable,200,,https://kubernetes.io/docs/reference/networking/ports-and-protocols/,
https://kubernetes.io/docs/tasks/tools/install-kubectl-linux/,reachable,200,,https://kubernetes.io/docs/tasks/tools/install-kubectl-linux/,
https://laravel.com/,not-requested,,,,outside-documentation-allowlist-or-dynamic-url
https://learn.microsoft.com/en-us/iis/configuration/system.webserver/serversideinclude,reachable,200,,https://learn.microsoft.com/en-us/iis/configuration/system.webserver/serversideinclude,
https://learn.microsoft.com/en-us/sql/relational-databases/views/modify-data-through-a-view?view=sql-server-ver16,not-requested,,,,outside-documentation-allowlist-or-dynamic-url
https://linux.die.net/man/1/ldapsearch,not-requested,,,,outside-documentation-allowlist-or-dynamic-url
https://linux.die.net/man/1/screen,not-requested,,,,outside-documentation-allowlist-or-dynamic-url
https://linux.die.net/man/5/sudoers,not-requested,,,,outside-documentation-allowlist-or-dynamic-url
https://m0chan.github.io/2019/07/31/How-To-Attack-Kerberos-101.html#as-rep-roasting,not-requested,,,,outside-documentation-allowlist-or-dynamic-url
https://mailtrap.io/blog/smtp-commands-and-responses/,not-requested,,,,outside-documentation-allowlist-or-dynamic-url
https://mariadb.com/kb/en/server-system-variables/#secure_file_priv,not-requested,,,,outside-documentation-allowlist-or-dynamic-url
https://matthewfl.com/unPacker.html,reachable,200,,https://matthewfl.com/unPacker.html,
https://mayfly277.github.io/posts/GLPI-htmlawed-CVE-2022-35914/,not-requested,,,,outside-documentation-allowlist-or-dynamic-url
https://md5decrypt.net/en/Ntlm/,not-requested,,,,outside-documentation-allowlist-or-dynamic-url
https://medium.com/@li_allouche/request-baskets-1-2-1-server-side-request-forgery-cve-2023-27163-2bab94f201f7,not-requested,,,,outside-documentation-allowlist-or-dynamic-url
https://medium.com/bugbountywriteup/adminer-script-results-to-pwning-server-private-bug-bounty-program-fe6d8a43fe6f,not-requested,,,,outside-documentation-allowlist-or-dynamic-url
https://mermaid.ink/svg/pako:eNqNkc9qwzAMxl9F-JSx7gV8KISWXcY2aHYYwxdjK39obGWKvBFK333ukg5aGNQnW9b3Q_q-g3LkUWk14mfC6HDb2YZtMBHyGdFR9JanCvkL-WG9vh-4C38FDeX74w52J-0oUHxQRHhjG8ca-W5mXAgy4YqpoXotM8EReygqsSxANZRJWuJOpoXSEw0gC3ku3QTfvlQLfBZh9DeOdbELbCgMPQr-58u1LZsnKEq3j_Tdo28wYJS8iVqpgBxs57PjhxPLKGnzr1E6XzNxb5SJx9xnk1A1Rae0cMKVYkpNq3Rt-zG_0uCtnLM6t6DvhPh5zvM31uMPG8qm-A,not-requested,,,,outside-documentation-allowlist-or-dynamic-url
https://mqt.gitbook.io/oscp-notes/ssh-keys?source=post_page-----9c7f5b963559--------------------------------,not-requested,,,,outside-documentation-allowlist-or-dynamic-url
https://msdn.microsoft.com/en-us/library/2c15cbf0-f086-4c74-8b70-1f2fa45dd4be.aspx,not-requested,,,,outside-documentation-allowlist-or-dynamic-url
https://nets.ec/Coldfusion_hacking#Writing_Shell_to_File,not-requested,,,,outside-documentation-allowlist-or-dynamic-url
https://nip.io/,not-requested,,,,outside-documentation-allowlist-or-dynamic-url
https://nmap.org/book/man-port-scanning-techniques.html,reachable,200,,https://nmap.org/book/man-port-scanning-techniques.html,
https://nodejs.org/en/about/,not-requested,,,,outside-documentation-allowlist-or-dynamic-url
https://nvd.nist.gov/vuln-metrics/cvss/v2-calculator,not-requested,,,,outside-documentation-allowlist-or-dynamic-url
https://nvd.nist.gov/vuln-metrics/cvss/v3-calculator,not-requested,,,,outside-documentation-allowlist-or-dynamic-url
https://nvd.nist.gov/vuln/detail/CVE-2020-24572,not-requested,,,,outside-documentation-allowlist-or-dynamic-url
https://nvd.nist.gov/vuln/detail/CVE-2022-25018,not-requested,,,,outside-documentation-allowlist-or-dynamic-url
https://nvd.nist.gov/vuln/detail/CVE-2022-35411,not-requested,,,,outside-documentation-allowlist-or-dynamic-url
https://nvd.nist.gov/vuln/detail/CVE-2022-40048,not-requested,,,,outside-documentation-allowlist-or-dynamic-url
https://nvd.nist.gov/vuln/detail/CVE-2023-34152,not-requested,,,,outside-documentation-allowlist-or-dynamic-url
https://nvd.nist.gov/vuln/detail/cve-2022-35914,not-requested,,,,outside-documentation-allowlist-or-dynamic-url
https://offsec-platform.s3.amazonaws.com/walkthroughs-images/CTF3_image_10_Q2WS3FN6.png,not-requested,,,,outside-documentation-allowlist-or-dynamic-url
https://offsec-platform.s3.amazonaws.com/walkthroughs-images/CTF3_image_1_ZRKDWT6.png,not-requested,,,,outside-documentation-allowlist-or-dynamic-url
https://offsec-platform.s3.amazonaws.com/walkthroughs-images/CTF3_image_2_LK8I4UPW.png,not-requested,,,,outside-documentation-allowlist-or-dynamic-url
https://offsec-platform.s3.amazonaws.com/walkthroughs-images/CTF3_image_3_JH4GT7LQ.png,not-requested,,,,outside-documentation-allowlist-or-dynamic-url
https://offsec-platform.s3.amazonaws.com/walkthroughs-images/CTF3_image_4_IQ2D49KM.png,not-requested,,,,outside-documentation-allowlist-or-dynamic-url
https://offsec-platform.s3.amazonaws.com/walkthroughs-images/CTF3_image_5_KF4SW2D9.png,not-requested,,,,outside-documentation-allowlist-or-dynamic-url
https://offsec-platform.s3.amazonaws.com/walkthroughs-images/CTF3_image_6_LO4R6HJI.png,not-requested,,,,outside-documentation-allowlist-or-dynamic-url
https://offsec-platform.s3.amazonaws.com/walkthroughs-images/CTF3_image_7_PO9IR5NH.png,not-requested,,,,outside-documentation-allowlist-or-dynamic-url
https://offsec-platform.s3.amazonaws.com/walkthroughs-images/CTF3_image_8_WR2EM7LP.png,not-requested,,,,outside-documentation-allowlist-or-dynamic-url
https://offsec-platform.s3.amazonaws.com/walkthroughs-images/CTF3_image_9_K7H4FG6N.png,not-requested,,,,outside-documentation-allowlist-or-dynamic-url
https://offsec-platform.s3.amazonaws.com/walkthroughs-images/PG-Practice_83_image_1_FiqdDtvd.png,not-requested,,,,outside-documentation-allowlist-or-dynamic-url
https://offsec-platform.s3.amazonaws.com/walkthroughs-images/PG-Practice_93_image_1_nwIBqy5f.png,not-requested,,,,outside-documentation-allowlist-or-dynamic-url
https://offsec-platform.s3.amazonaws.com/walkthroughs-images/PG_Practice_03_image_1_WKAzllSg.png,not-requested,,,,outside-documentation-allowlist-or-dynamic-url
https://offsec-platform.s3.amazonaws.com/walkthroughs-images/PG_Practice_05_image_1_RcNXnrCG.PNG,not-requested,,,,outside-documentation-allowlist-or-dynamic-url
https://offsec-platform.s3.amazonaws.com/walkthroughs-images/PG_Practice_07_image_2_PkPBZU9K.png,not-requested,,,,outside-documentation-allowlist-or-dynamic-url
https://offsec-platform.s3.amazonaws.com/walkthroughs-images/PG_Practice_07_image_3_BjhcY9mj.png,not-requested,,,,outside-documentation-allowlist-or-dynamic-url
https://offsec-platform.s3.amazonaws.com/walkthroughs-images/PG_Practice_08_image_1_KNxnfFuQ.PNG,not-requested,,,,outside-documentation-allowlist-or-dynamic-url
https://offsec-platform.s3.amazonaws.com/walkthroughs-images/PG_Practice_08_image_2_LNvkxvKM.PNG,not-requested,,,,outside-documentation-allowlist-or-dynamic-url
https://offsec-platform.s3.amazonaws.com/walkthroughs-images/PG_Practice_08_image_3_ovgDCHII.PNG,not-requested,,,,outside-documentation-allowlist-or-dynamic-url
https://offsec-platform.s3.amazonaws.com/walkthroughs-images/PG_Practice_109_image_1_edB0FxiI.png,not-requested,,,,outside-documentation-allowlist-or-dynamic-url
https://offsec-platform.s3.amazonaws.com/walkthroughs-images/PG_Practice_109_image_2_tnIe2yoD.png,not-requested,,,,outside-documentation-allowlist-or-dynamic-url
https://offsec-platform.s3.amazonaws.com/walkthroughs-images/PG_Practice_160_image_1_ZDT4Ear2.png,not-requested,,,,outside-documentation-allowlist-or-dynamic-url
https://offsec-platform.s3.amazonaws.com/walkthroughs-images/PG_Practice_160_image_2_EFT1HYV3.png,not-requested,,,,outside-documentation-allowlist-or-dynamic-url
https://offsec-platform.s3.amazonaws.com/walkthroughs-images/PG_Practice_160_image_3_VF7HYX2L.png,not-requested,,,,outside-documentation-allowlist-or-dynamic-url
https://offsec-platform.s3.amazonaws.com/walkthroughs-images/PG_Practice_38_image_1_smk2EeWJ.png,not-requested,,,,outside-documentation-allowlist-or-dynamic-url
https://offsec-platform.s3.amazonaws.com/walkthroughs-images/PG_Practice_57_image_1_vGnhk4an.png,not-requested,,,,outside-documentation-allowlist-or-dynamic-url
https://offsec-platform.s3.amazonaws.com/walkthroughs-images/PG_Practice_69_image_1_8OaTfX7L.png,not-requested,,,,outside-documentation-allowlist-or-dynamic-url
https://offsec-platform.s3.amazonaws.com/walkthroughs-images/PG_Practice_97_image_1_ZZ3L7dbK.png,not-requested,,,,outside-documentation-allowlist-or-dynamic-url
https://offsec-platform.s3.amazonaws.com/walkthroughs-images/PG_Practice_CTF1_image_2_X1S8FT4L.png,not-requested,,,,outside-documentation-allowlist-or-dynamic-url
https://offsec-platform.s3.amazonaws.com/walkthroughs-images/PG_Practice_CTF2_image_10_RE3V7JN1.png,not-requested,,,,outside-documentation-allowlist-or-dynamic-url
https://offsec-platform.s3.amazonaws.com/walkthroughs-images/PG_Practice_CTF2_image_11_ZX2L0C1X0.png,not-requested,,,,outside-documentation-allowlist-or-dynamic-url
https://offsec-platform.s3.amazonaws.com/walkthroughs-images/PG_Practice_CTF2_image_12_DrF91JPE.png,not-requested,,,,outside-documentation-allowlist-or-dynamic-url
https://offsec-platform.s3.amazonaws.com/walkthroughs-images/PG_Practice_CTF2_image_1_2RE6HJ1N.png,not-requested,,,,outside-documentation-allowlist-or-dynamic-url
https://offsec-platform.s3.amazonaws.com/walkthroughs-images/PG_Practice_CTF2_image_2_FL3O9J1N.png,not-requested,,,,outside-documentation-allowlist-or-dynamic-url
https://offsec-platform.s3.amazonaws.com/walkthroughs-images/PG_Practice_CTF2_image_3_F53QD01M.png,not-requested,,,,outside-documentation-allowlist-or-dynamic-url
https://offsec-platform.s3.amazonaws.com/walkthroughs-images/PG_Practice_CTF2_image_4_K3S2VBY9.png,not-requested,,,,outside-documentation-allowlist-or-dynamic-url
https://offsec-platform.s3.amazonaws.com/walkthroughs-images/PG_Practice_CTF2_image_5_D4G91NpL.png,not-requested,,,,outside-documentation-allowlist-or-dynamic-url
https://offsec-platform.s3.amazonaws.com/walkthroughs-images/PG_Practice_CTF2_image_6_Q3J01KPA.png,not-requested,,,,outside-documentation-allowlist-or-dynamic-url
https://offsec-platform.s3.amazonaws.com/walkthroughs-images/PG_Practice_CTF2_image_7_S1K3M04H.png,not-requested,,,,outside-documentation-allowlist-or-dynamic-url
https://offsec-platform.s3.amazonaws.com/walkthroughs-images/PG_Practice_CTF2_image_8_DF52W2L1P.png,not-requested,,,,outside-documentation-allowlist-or-dynamic-url
https://opsecx.com/index.php/2017/02/08/exploiting-node-js-deserialization-bug-for-remote-code-execution/,not-requested,,,,outside-documentation-allowlist-or-dynamic-url
https://osintframework.com/,not-requested,,,,outside-documentation-allowlist-or-dynamic-url
https://owasp.org/API-Security/editions/2023/en/0xa4-unrestricted-resource-consumption/,network-unverified,,,,URLError
https://owasp.org/www-community/attacks/Command_Injection,network-unverified,,,,URLError
https://owasp.org/www-project-secure-headers/,network-unverified,,,,URLError
https://owasp.org/www-project-top-ten/2017/A3_2017-Sensitive_Data_Exposure,network-unverified,,,,URLError
https://owasp.org/www-project-web-security-testing-guide/latest/4-Web_Application_Security_Testing/11-Client-side_Testing/03-Testing_for_HTML_Injection,network-unverified,,,,URLError
https://packages.debian.org/search?keywords=apache2,not-requested,,,,outside-documentation-allowlist-or-dynamic-url
https://packages.ubuntu.com/search?keywords=openssh-server,not-requested,,,,outside-documentation-allowlist-or-dynamic-url
https://packetstormsecurity.com/files/cve/CVE-2019-12840,not-requested,,,,outside-documentation-allowlist-or-dynamic-url
https://pentestlab.blog/2017/12/13/smb-share-scf-file-attacks/,not-requested,,,,outside-documentation-allowlist-or-dynamic-url
https://pentestmonkey.net/cheat-sheet/sql-injection/mysql-sql-injection-cheat-sheet,not-requested,,,,outside-documentation-allowlist-or-dynamic-url
https://portal.offsec.com/img/glpi_ticket.png,not-requested,,,,outside-documentation-allowlist-or-dynamic-url
https://portal.offsec.com/labs/images/cve.png,not-requested,,,,outside-documentation-allowlist-or-dynamic-url
https://portal.offsec.com/labs/images/land.png,not-requested,,,,outside-documentation-allowlist-or-dynamic-url
https://portal.offsec.com/labs/images/nmap.png,not-requested,,,,outside-documentation-allowlist-or-dynamic-url
https://portal.offsec.com/labs/images/snyk.png,not-requested,,,,outside-documentation-allowlist-or-dynamic-url
https://portal.offsec.com/labs/practice,not-requested,,,,outside-documentation-allowlist-or-dynamic-url
https://portswigger.net/web-security/cross-site-scripting/cheat-sheet,reachable-verified-by-web,,404,,HEAD yielded 404 but official documentation was retrieved successfully.
https://portswigger.net/web-security/sql-injection/cheat-sheet,reachable-verified-by-web,,404,,HEAD yielded 404 but official documentation was retrieved successfully.
https://prettier.io/playground/,reachable,200,,https://prettier.io/playground/,
https://projectdiscovery.io/blog/do-you-really-know-subfinder-an-in-depth-guide-to-all-features-of-subfinder-beginner-to-advanced,not-requested,,,,outside-documentation-allowlist-or-dynamic-url
https://pypi.org/project/rpc.py/,not-requested,,,,outside-documentation-allowlist-or-dynamic-url
https://rana-khalil.gitbook.io/hack-the-box-oscp-preparation/windows-boxes/active-writeup-w-o-metasploit,not-requested,,,,outside-documentation-allowlist-or-dynamic-url
https://raw.githubusercontent.com/AleDiBen/NVMS1000-Exploit/master/nvms.py,reachable,200,,https://raw.githubusercontent.com/AleDiBen/NVMS1000-Exploit/master/nvms.py,
https://raw.githubusercontent.com/DragonJAR/Security-Wordlist/main/LFI-WordList-Linux,reachable,200,,https://raw.githubusercontent.com/DragonJAR/Security-Wordlist/main/LFI-WordList-Linux,
https://raw.githubusercontent.com/DragonJAR/Security-Wordlist/main/LFI-WordList-Windows,reachable,200,,https://raw.githubusercontent.com/DragonJAR/Security-Wordlist/main/LFI-WordList-Windows,
https://raw.githubusercontent.com/EmpireProject/Empire/master/data/module_source/privesc/Invoke-MS16032.ps1,reachable,200,,https://raw.githubusercontent.com/EmpireProject/Empire/master/data/module_source/privesc/Invoke-MS16032.ps1,
https://raw.githubusercontent.com/F-Masood/php-backdoors/main/whoami.php,reachable,200,,https://raw.githubusercontent.com/F-Masood/php-backdoors/main/whoami.php,
https://raw.githubusercontent.com/Hellsender01/vsftpd_2.3.4_Exploit/main/exploit.py,reachable,200,,https://raw.githubusercontent.com/Hellsender01/vsftpd_2.3.4_Exploit/main/exploit.py,
https://raw.githubusercontent.com/KrE80r/webmin_cve-2019-12840_poc/master/CVE-2019-12840.py,reachable,200,,https://raw.githubusercontent.com/KrE80r/webmin_cve-2019-12840_poc/master/CVE-2019-12840.py,
https://raw.githubusercontent.com/Perfectdotexe/WordPress-Plugins-List/master/plugins.txt,reachable,200,,https://raw.githubusercontent.com/Perfectdotexe/WordPress-Plugins-List/master/plugins.txt,
https://raw.githubusercontent.com/PowerShellMafia/PowerSploit/master/Recon/PowerView.ps1,network-unverified,,,,URLError
https://raw.githubusercontent.com/ehtec/rpcpy-exploit/main/rpcpy-exploit.py,network-unverified,,,,URLError
https://raw.githubusercontent.com/samratashok/nishang/master/Shells/Invoke-PowerShellTcp.ps1,network-unverified,,,,URLError
https://raw.githubusercontent.com/shyam0904a/Pandora_v7.0NG.742_exploit_unauthenticated/master/sqlpwn.py,network-unverified,,,,URLError
https://raw.githubusercontent.com/tennc/webshell/master/fuzzdb-webshell/asp/cmdasp.aspx,network-unverified,,,,URLError
https://raw.githubusercontent.com/tothi/rbcd-attack/master/rbcd.py,reachable,200,,https://raw.githubusercontent.com/tothi/rbcd-attack/master/rbcd.py,
https://regex101.com/,not-requested,,,,outside-documentation-allowlist-or-dynamic-url
https://rubyonrails.org,not-requested,,,,outside-documentation-allowlist-or-dynamic-url
https://rubyonrails.org/,not-requested,,,,outside-documentation-allowlist-or-dynamic-url
https://security.snyk.io/vuln/SNYK-PYTHON-RPCPY-2946719,not-requested,,,,outside-documentation-allowlist-or-dynamic-url
https://ss64.com/nt/ntrights.html,not-requested,,,,outside-documentation-allowlist-or-dynamic-url
"https://ss64.com/nt/syntax-security_groups.html#:~:text=A%20built%2Din%20group%20that,and%20shut%20down%20the%20computer.",not-requested,,,,outside-documentation-allowlist-or-dynamic-url
https://stackoverflow.com/questions/32646952/docker-machine-boot2docker-root-password,not-requested,,,,outside-documentation-allowlist-or-dynamic-url
https://stackoverflow.com/questions/35824788/sudo-e-does-not-pass-pythonpath,not-requested,,,,outside-documentation-allowlist-or-dynamic-url
https://stackoverflow.com/questions/9586630/python-paths-and-import-order,not-requested,,,,outside-documentation-allowlist-or-dynamic-url
https://swarm.ptsecurity.com/exploiting-arbitrary-object-instantiations/,not-requested,,,,outside-documentation-allowlist-or-dynamic-url
https://systemweakness.com/privilege-escalation-with-fail2ban-nopasswd-d3a6ee69db49,not-requested,,,,outside-documentation-allowlist-or-dynamic-url
https://talosintelligence.com/vulnerability_reports/TALOS-2019-0790,not-requested,,,,outside-documentation-allowlist-or-dynamic-url
https://thatsn0tmysite.wordpress.com/2019/11/15/x05/,not-requested,,,,outside-documentation-allowlist-or-dynamic-url
https://tib3rius.com/sqli,not-requested,,,,outside-documentation-allowlist-or-dynamic-url
https://tools.ietf.org/html/rfc2616,reachable,200,,https://www.rfc-editor.org/info/rfc2616/,
https://tools.ietf.org/html/rfc7231#section-7,reachable,200,,https://www.rfc-editor.org/info/rfc7231/,
https://tryhackme.com/p/melow,not-requested,,,,outside-documentation-allowlist-or-dynamic-url
https://twitter.com/0gtweet/status/1303432729854439425,not-requested,,,,outside-documentation-allowlist-or-dynamic-url
https://unix.stackexchange.com/a/163878/369627,not-requested,,,,outside-documentation-allowlist-or-dynamic-url
https://vk9-sec.com/subrion-cms-4-2-1-arbitrary-file-upload-authenticated-2018-19422/,not-requested,,,,outside-documentation-allowlist-or-dynamic-url
https://websec.wordpress.com/2014/12/08/magento-1-9-0-1-poi/,not-requested,,,,outside-documentation-allowlist-or-dynamic-url
https://wordlists.assetnote.io/,not-requested,,,,outside-documentation-allowlist-or-dynamic-url
https://www.cirt.net/passwords,not-requested,,,,outside-documentation-allowlist-or-dynamic-url
https://www.cyberark.com/resources/threat-research-blog/execute-this-i-know-you-have-it,not-requested,,,,outside-documentation-allowlist-or-dynamic-url
https://www.djangoproject.com/,not-requested,,,,outside-documentation-allowlist-or-dynamic-url
https://www.dosbox.com/wiki/MOUNT,not-requested,,,,outside-documentation-allowlist-or-dynamic-url
https://www.exploit-db.com,not-requested,,,,outside-documentation-allowlist-or-dynamic-url
https://www.exploit-db.com/docs/49881,not-requested,,,,outside-documentation-allowlist-or-dynamic-url
https://www.exploit-db.com/exploits/10099,not-requested,,,,outside-documentation-allowlist-or-dynamic-url
https://www.exploit-db.com/exploits/14641,not-requested,,,,outside-documentation-allowlist-or-dynamic-url
https://www.exploit-db.com/exploits/14962,not-requested,,,,outside-documentation-allowlist-or-dynamic-url
https://www.exploit-db.com/exploits/15285,not-requested,,,,outside-documentation-allowlist-or-dynamic-url
https://www.exploit-db.com/exploits/17644,not-requested,,,,outside-documentation-allowlist-or-dynamic-url
https://www.exploit-db.com/exploits/18083,not-requested,,,,outside-documentation-allowlist-or-dynamic-url
https://www.exploit-db.com/exploits/1872/,not-requested,,,,outside-documentation-allowlist-or-dynamic-url
https://www.exploit-db.com/exploits/1964/,not-requested,,,,outside-documentation-allowlist-or-dynamic-url
https://www.exploit-db.com/exploits/39575,not-requested,,,,outside-documentation-allowlist-or-dynamic-url
https://www.exploit-db.com/exploits/39772,not-requested,,,,outside-documentation-allowlist-or-dynamic-url
https://www.exploit-db.com/exploits/40049,not-requested,,,,outside-documentation-allowlist-or-dynamic-url
https://www.exploit-db.com/exploits/40280,not-requested,,,,outside-documentation-allowlist-or-dynamic-url
https://www.exploit-db.com/exploits/40839,not-requested,,,,outside-documentation-allowlist-or-dynamic-url
https://www.exploit-db.com/exploits/44340,not-requested,,,,outside-documentation-allowlist-or-dynamic-url
https://www.exploit-db.com/exploits/45274,not-requested,,,,outside-documentation-allowlist-or-dynamic-url
https://www.exploit-db.com/exploits/45296,not-requested,,,,outside-documentation-allowlist-or-dynamic-url
https://www.exploit-db.com/exploits/47388,not-requested,,,,outside-documentation-allowlist-or-dynamic-url
https://www.exploit-db.com/exploits/4761,not-requested,,,,outside-documentation-allowlist-or-dynamic-url
https://www.exploit-db.com/exploits/48058,not-requested,,,,outside-documentation-allowlist-or-dynamic-url
https://www.exploit-db.com/exploits/48170,not-requested,,,,outside-documentation-allowlist-or-dynamic-url
https://www.exploit-db.com/exploits/48421,not-requested,,,,outside-documentation-allowlist-or-dynamic-url
https://www.exploit-db.com/exploits/48424,not-requested,,,,outside-documentation-allowlist-or-dynamic-url
https://www.exploit-db.com/exploits/48654,not-requested,,,,outside-documentation-allowlist-or-dynamic-url
https://www.exploit-db.com/exploits/48698,not-requested,,,,outside-documentation-allowlist-or-dynamic-url
https://www.exploit-db.com/exploits/48979,not-requested,,,,outside-documentation-allowlist-or-dynamic-url
https://www.exploit-db.com/exploits/49216,not-requested,,,,outside-documentation-allowlist-or-dynamic-url
https://www.exploit-db.com/exploits/49382,not-requested,,,,outside-documentation-allowlist-or-dynamic-url
https://www.exploit-db.com/exploits/49384,not-requested,,,,outside-documentation-allowlist-or-dynamic-url
https://www.exploit-db.com/exploits/49385,not-requested,,,,outside-documentation-allowlist-or-dynamic-url
https://www.exploit-db.com/exploits/49424,not-requested,,,,outside-documentation-allowlist-or-dynamic-url
https://www.exploit-db.com/exploits/49876,not-requested,,,,outside-documentation-allowlist-or-dynamic-url
https://www.exploit-db.com/exploits/49973,not-requested,,,,outside-documentation-allowlist-or-dynamic-url
https://www.exploit-db.com/exploits/50130,not-requested,,,,outside-documentation-allowlist-or-dynamic-url
https://www.exploit-db.com/exploits/50587,not-requested,,,,outside-documentation-allowlist-or-dynamic-url
https://www.exploit-db.com/exploits/50983?source=post_page-----7619983c7d63--------------------------------,not-requested,,,,outside-documentation-allowlist-or-dynamic-url
https://www.exploit-db.com/exploits/51293,not-requested,,,,outside-documentation-allowlist-or-dynamic-url
https://www.exploit-db.com/exploits/51532,not-requested,,,,outside-documentation-allowlist-or-dynamic-url
https://www.exploit-db.com/exploits/51550,not-requested,,,,outside-documentation-allowlist-or-dynamic-url
https://www.hackingdream.net/2020/02/reverse-shell-cheat-sheet-for-penetration-testing-oscp.html,not-requested,,,,outside-documentation-allowlist-or-dynamic-url
https://www.infosecmatter.com/metasploit-module-library/?mm=post/multi/escalate/cups_root_file_read,not-requested,,,,outside-documentation-allowlist-or-dynamic-url
https://www.ivoidwarranties.tech/posts/pentesting-tuts/iis/web-config/,not-requested,,,,outside-documentation-allowlist-or-dynamic-url
https://www.linkedin.com/in/dani-rio,not-requested,,,,outside-documentation-allowlist-or-dynamic-url
https://www.netcraft.com/,reachable,200,,https://www.netcraft.com/,
https://www.onsecurity.io/blog/file-upload-checklist/#uploading-a-htaccess-file,not-requested,,,,outside-documentation-allowlist-or-dynamic-url
https://www.pingcastle.com/documentation/,not-requested,,,,outside-documentation-allowlist-or-dynamic-url
https://www.proteansec.com/linux/pfsense-vulnerabilities-part-2-command-injection/,not-requested,,,,outside-documentation-allowlist-or-dynamic-url
https://www.rapid7.com/db/,not-requested,,,,outside-documentation-allowlist-or-dynamic-url
https://www.rapid7.com/db/modules/exploit/multi/http/wp_responsive_thumbnail_slider_upload/,not-requested,,,,outside-documentation-allowlist-or-dynamic-url
https://www.rapid7.com/db/modules/exploit/windows/smb/ms09_050_smb2_negotiate_func_index/,not-requested,,,,outside-documentation-allowlist-or-dynamic-url
https://www.redsiege.com/wp-content/uploads/2020/08/Kerberoastv4.pdf,not-requested,,,,outside-documentation-allowlist-or-dynamic-url
https://www.revshells.com/,not-requested,,,,outside-documentation-allowlist-or-dynamic-url
https://www.samba.org/samba/docs/current/man-html/rpcclient.1.html,not-requested,,,,outside-documentation-allowlist-or-dynamic-url
https://www.shodan.io/,not-requested,,,,outside-documentation-allowlist-or-dynamic-url
https://www.sonarsource.com/blog/pandora-fms-742-critical-code-vulnerabilities-explained/,not-requested,,,,outside-documentation-allowlist-or-dynamic-url
https://www.swascan.com/security-advisory-dolibarr-17-0-0/,not-requested,,,,outside-documentation-allowlist-or-dynamic-url
https://www.tecmint.com/fix-ssh-too-many-authentication-failures-error/,not-requested,,,,outside-documentation-allowlist-or-dynamic-url
https://www.urlencoder.org/,not-requested,,,,outside-documentation-allowlist-or-dynamic-url
https://www.virustotal.com/gui/home/url,not-requested,,,,outside-documentation-allowlist-or-dynamic-url
https://www.vulnerability-lab.com,not-requested,,,,outside-documentation-allowlist-or-dynamic-url
https://www.w3.org/Protocols/rfc2616/rfc2616-sec4.html,network-unverified,,,,URLError
https://www.w3.org/Protocols/rfc2616/rfc2616-sec7.html,network-unverified,,,,URLError
https://www.w3schools.com/angular/angular_intro.asp,not-requested,,,,outside-documentation-allowlist-or-dynamic-url
https://www.w3schools.com/jquery/,not-requested,,,,outside-documentation-allowlist-or-dynamic-url
https://www.w3schools.com/react/react_intro.asp,not-requested,,,,outside-documentation-allowlist-or-dynamic-url
https://www.w3schools.com/whatis/whatis_vue.asp,not-requested,,,,outside-documentation-allowlist-or-dynamic-url
https://www.wappalyzer.com/,not-requested,,,,outside-documentation-allowlist-or-dynamic-url
https://www.youtube.com/watch?v=4S5fkKJ4SM4&list=PLGb2cDlBWRUX1_7RAIjRkZDYgAB3VbUSw&ab_channel=JarnoTimmermans,not-requested,,,,outside-documentation-allowlist-or-dynamic-url
https://www.youtube.com/watch?v=Yp4oxoQIBAM&t=1469s,not-requested,,,,outside-documentation-allowlist-or-dynamic-url
https://www.youtube.com/watch?v=Yp4oxoQIBAM\&t=1469s,not-requested,,,,outside-documentation-allowlist-or-dynamic-url
https://www.youtube.com/watch?v=o7oVWXw4t5E,not-requested,,,,outside-documentation-allowlist-or-dynamic-url
https://www.zaproxy.org/,reachable,200,,https://www.zaproxy.org/,
https://xxxxxxxx.eu1.ctfio.com/pdf.php?order_id=.../uploads/e943fc9a281b6834f6a6cbd98a0f3af5.svg,not-requested,,,,outside-documentation-allowlist-or-dynamic-url
