document,reference,status,source
Tools/curl.md,Pasted image 20240920054847.png,held-image,CBBH/images/Pasted image 20240920054847.png
Password-Attacks/Web/brute-force-attacks.md,Pasted image 20241004130532.png,held-image,CBBH/images/Pasted image 20241004130532.png
Password-Attacks/Web/hydra.md,Pasted image 20241004131840.png,held-image,CBBH/images/Pasted image 20241004131840.png
Password-Attacks/Web/hydra.md,Pasted image 20241004134809.png,held-image,CBBH/images/Pasted image 20241004134809.png
Password-Attacks/Web/custom-wordlists.md,Pasted image 20241004150612.png,held-image,CBBH/images/Pasted image 20241004150612.png
Password-Attacks/Web/custom-wordlists.md,Pasted image 20241004152202.png,held-image,CBBH/images/Pasted image 20241004152202.png
Web-Security/Access-Control-and-XXE/idor.md,Pasted image 20241009185945.png,held-image,CBBH/images/Pasted image 20241009185945.png
Labs-and-Writeups/CBBH/web-attacks/assessment.md,Pasted image 20241010102349.png,held-image,CBBH/images/Pasted image 20241010102349.png
Web-Security/Session-Security/csrf.md,Pasted image 20241012104931.png,held-image,CBBH/images/Pasted image 20241012104931.png
Web-Security/Session-Security/open-redirect.md,Pasted image 20241012112815.png,held-image,CBBH/images/Pasted image 20241012112815.png
Web-Security/API/file-upload.md,Pasted image 20241014192444.png,held-image,CBBH/images/Pasted image 20241014192444.png
Enumeration/Reconnaissance/whois.md,Pasted image 20240925174335.png,held-image,CBBH/images/Pasted image 20240925174335.png
Web-Security/XSS/xss.md,Pasted image 20240927175051.png,held-image,CBBH/images/Pasted image 20240927175051.png
Labs-and-Writeups/CBBH/xss/assessment.md,Pasted image 20240928120748.png,held-image,CBBH/images/Pasted image 20240928120748.png
Web-Security/API/broken-authentication.md,Pasted image 20240930183703.png,held-image,CBBH/images/Pasted image 20240930183703.png
Web-Security/Variants/hackinghub-account-takeover.md,Pasted image 20241217171523.png,held-image,CBBH/images/Pasted image 20241217171523.png
Web-Security/Variants/hackinghub-account-takeover.md,Pasted image 20241217172642.png,held-image,CBBH/images/Pasted image 20241217172642.png
Web-Security/Variants/hackinghub-account-takeover.md,Pasted image 20241217175156.png,held-image,CBBH/images/Pasted image 20241217175156.png
Web-Security/Browser-Security/hackinghub-client-side-postmessage.md,Pasted image 20241129165809.png,held-image,CBBH/images/Pasted image 20241129165809.png
Web-Security/Variants/hackinghub-insecure-direct-object-reference-idor.md,Pasted image 20241203125113.png,held-image,CBBH/images/Pasted image 20241203125113.png
Web-Security/Authentication/hackinghub-jwt.md,Pasted image 20241216131947.png,held-image,CBBH/images/Pasted image 20241216131947.png
Web-Security/Authentication/hackinghub-jwt.md,Pasted image 20241216132847.png,held-image,CBBH/images/Pasted image 20241216132847.png
Web-Security/Authentication/hackinghub-jwt.md,Pasted image 20241216133932.png,held-image,CBBH/images/Pasted image 20241216133932.png
Web-Security/Authentication/hackinghub-login-pages-authentication.md,Pasted image 20241217114441.png,held-image,CBBH/images/Pasted image 20241217114441.png
Web-Security/Authentication/hackinghub-login-pages-authentication.md,Pasted image 20241217134424.png,held-image,CBBH/images/Pasted image 20241217134424.png
Web-Security/Authentication/hackinghub-login-pages-authentication.md,Pasted image 20241217154708.png,held-image,CBBH/images/Pasted image 20241217154708.png
Web-Security/Authentication/hackinghub-login-pages-authentication.md,Pasted image 20241217154902.png,held-image,CBBH/images/Pasted image 20241217154902.png
Labs-and-Writeups/Unspecified/nahamstore.md,Pasted image 20241219130847.png,held-image,CBBH/images/Pasted image 20241219130847.png
Labs-and-Writeups/OWASP-Challenges/bay-todo-or-no-todo.md,Pasted image 20241028181353.png,held-image,CBBH/images/Pasted image 20241028181353.png
Labs-and-Writeups/OWASP-Challenges/bay-todo-or-no-todo.md,Pasted image 20241028181449.png,held-image,CBBH/images/Pasted image 20241028181449.png
Mobile-Security/android-emulator.md,Pasted image 20240531105209.png,held-image,pentestNotes/Images/Pasted image 20240531105209.png
